pca_0,pca_1,pca_2,pca_3,pca_4
2.8640487210163994,-1.3004038383191117,-1.5320523790201659,-1.8305262224625103,-0.5213797373851412
