pca_0,pca_1,pca_2,pca_3,pca_4,pca_5,pca_6,pca_7
7.768861814003898,-0.2539052140510946,1.7018290685302022,-7.123599399227989,0.9034108764907767,0.07393679092388125,1.1471592162399304,-0.6030114360878019
