pca_0,pca_1
-2.918674467214041,0.10641835127955693
